official_answer,fine_tunned_answer,4o_mini_answer
"""The liquid reduced because it evaporated. It turned into a gas because it was being heated""","""The liquid in the pan reduced as it evaporated. It turned into water vapour and went into the air""","The liquid in the pan reduced due to the process of evaporation. When the orange juice is heated, the heat causes the molecules of the liquid to vibrate faster, allowing some of them to break free and escape into the air as water vapor. This is a reversible change, meaning that the water can return to a liquid state. If we trap the vapor by covering the pan, it will cool and condense back into liquid water. Thus, while it may seem like the liquid disappears, it actually transforms into gas and can be recovered. This process is essential in cooking, as it helps to thicken sauces by reducing their water content."
"""Student finger, rock or stone, wood, thick fabric, and cardboard. These objects became warmer and we didn't see any light bouncing off them""","""Aluminum foil and plastic wrap. We could feel the heat from the foil and plastic wrap when we touched it. It was warm from absorbing the light""","Exemplar Answer:

The opaque objects that absorbed light in the experiment included the aluminum foil, rock, metal spoon, and thick fabric. I know this because when I shone the LED flashlight on these materials, they did not allow any light to pass through them; instead, the light was either absorbed or reflected. For example, the aluminum foil reflected some light but also absorbed heat, while the rock and metal spoon did not transmit any light at all. The thick fabric also blocked the light completely, indicating that it absorbed the light energy. This demonstrates that opaque objects can absorb light, converting it into thermal energy, which is consistent with the properties of opaque materials described in the task content."
"""The ova (eggs) or ovules are protected from damage and from predators by being located in the ovary""","""It is important that the ovules are found in the ovary as this is the part of the carpel that swells and turns into the fruit once fertilisation has occurred. The ovules need to be found in the ovary so that they can be turned into seeds once fertilisation has occurred""","The ovules are located within the ovary of the carpel in flowering plants (angiosperms). This positioning is crucial for several reasons. First, being inside the ovary protects the ovules from environmental factors and potential damage, ensuring that they can develop safely after fertilization. Second, the ovary provides the necessary nutrients and support for the ovules, which are the plant's eggs, to grow into seeds once fertilization occurs. Additionally, the ovary's location allows for efficient fertilization, as pollen can easily travel down the style to reach the ovules, facilitating successful reproduction. Overall, the placement of ovules within the ovary is essential for the reproductive success and survival of flowering plants."
"""My conclusions would have been different, as I would have thought ostracism was a more fair and democratic system. The sources showed that this may not necessarily be the case""","""It would have been that ostracism was a fair process. However, Source 2 shows us that it could be manipulated by powerful citizens. Source 1 doesn__ mention this""","If I had only examined Source 1, my conclusion about ostracism would likely focus solely on the procedural aspects of the process, such as the voting method and the role of the archons. This would lead me to believe that ostracism was primarily a structured democratic mechanism without considering the social and political implications or the motivations behind its use. 

However, by incorporating Source 2 and the primary sources (Sources 3 and 4), I gain insight into the broader context of ostracism, including the societal fears of tyranny and the political dynamics at play, which reveal that ostracism was not just a procedural tool but also a reflection of the citizens' desire to protect their democracy. This comprehensive view highlights the complex motivations behind ostracism and its significance in Athenian society."
"""This experiment uses milk which contains the protein casein. Trypsin breaks down the casein into smaller molecules which are soluble. This makes the milk more transparent or less opaque""","""Trypsin breaks down proteins into smaller molecules called peptides. In our experiment, we added a protein (gelatin) to a test tube with trypsin. After a few minutes, we checked to see if the gelatin had been broken down. We knew it had been broken down if the test tube was clear. If the test tube was still cloudy, it meant that the gelatin had not been broken down. In our experiment, the test tube was clear after a few minutes. This shows that trypsin had broken down the gelatin into smaller molecules""","In the trypsin experiment, the results indicate that trypsin effectively breaks down proteins into smaller molecules called peptides. This is evidenced by measuring the concentration of peptides in the solution before and after the addition of trypsin. Initially, the solution contains intact protein molecules, which do not show a significant presence of peptides. After incubating the mixture with trypsin, we observe an increase in the concentration of peptides. 

This change suggests that trypsin has catalyzed the hydrolysis of protein bonds, resulting in the formation of peptides. The use of a colorimetric assay or similar method to quantify the peptides further supports this conclusion, as a color change or increase in absorbance correlates with the presence of peptides. Thus, the experimental results clearly demonstrate that trypsin plays a crucial role in protein digestion by breaking down proteins into smaller peptide fragments, which can then be further digested into amino acids."
"""Tension force. Tension force = weight force. 100g = 1 N""","""Tension force. Tension force = weight of mass = mg = 0.1 x 10 = 1N""","The force present in the string when tied to the 100g mass is tension. Tension is the force exerted by the string to support the weight of the mass. 

To calculate the amount of this force, we can use the formula for weight, which is given by:

\[ \text{Weight} (W) = m \times g \]

where:
- \( m \) is the mass (in kilograms),
- \( g \) is the acceleration due to gravity (approximately \( 9.81 \, \text{m/s}^2 \)).

First, convert the mass from grams to kilograms:

\[ 100 \, \text{g} = 0.1 \, \text{kg} \]

Now, substitute the values into the formula:

\[ W = 0.1 \, \text{kg} \times 9.81 \, \text{m/s}^2 = 0.981 \, \text{N} \]

Thus, the tension in the string when tied to the 100g mass is approximately \( 0.981 \, \text{N} \). 

In summary, the force in the string is tension, and its calculated amount is \( 0.981 \,"
"""Fin designs that have three or four triangular fins that are at the base end of the rocket work best. They stabilise the rocket and make it more aerodynamic or streamlined""","""The fin design with the most surface area worked best as it was able to keep the rocket stable and stop it from rolling""","The fin design that worked best was the triangular fin design. This design provided excellent stability during the rocket's flight, allowing it to maintain a straight trajectory without rolling or veering off course. The triangular shape helped to reduce drag and improve aerodynamics, which is crucial for achieving a successful launch.

In our trials, we observed that rockets with triangular fins consistently launched straight up, while other designs, such as rectangular or circular fins, caused the rocket to wobble or tilt. The triangular fins were made from lightweight cardboard, which minimized the overall weight of the rocket while still providing the necessary structural support. We attached them securely to the rocket body using strong tape, ensuring they were evenly spaced and aligned for optimal performance.

Overall, the triangular fin design proved to be the most effective due to its aerodynamic properties and stability, which are essential for a successful rocket launch."
"""Oobleck acts like a solid if it has very little or no force placed on it but acts like a solid when force is placed on it""","""Oobleck behaves like a liquid when it is left alone. It oozes out of your fingers and is runny. Oobleck behaves like a solid when you apply force to it. It becomes hard and can be rolled into a ball""","Oobleck exhibits properties of both a liquid and a solid due to its unique behavior as a non-Newtonian fluid. When at rest or when a gentle force is applied, Oobleck flows like a liquid, oozing through fingers and taking the shape of its container. However, when a strong force is applied, such as hitting it with a hand or a hammer, the particles within Oobleck lock together, causing it to behave like a solid. This means it can be rolled into a ball and will hold its shape until the force is removed, at which point it returns to its liquid state. Thus, Oobleck's ability to switch between solid and liquid states based on the applied force illustrates its dual nature."
"""The best results were when we used two or three mirrors to reflect the light. We also had to make sure that the mirrors were fairly close to the index card""","""Using two mirrors gave the brightest light spot. The first mirror was angled so that it caught the classroom light and reflected it onto the second mirror. The second mirror was angled so that it reflected the light back onto the index card. This method worked best as it was able to double the amount of light that was being reflected onto the index card""","The method that gave the brightest light spot on the index card involved using multiple mirrors to reflect the light from the classroom lights. By positioning the mirrors at angles that allowed them to catch and direct the light towards the index card, we maximized the amount of light reaching it. 

When using two mirrors, we noticed that the light spot became brighter because each mirror reflected the light towards the card, effectively concentrating the light in one area. The best results were achieved when we collaborated with another group and used three or four mirrors. This setup allowed for multiple reflections, which significantly increased the brightness of the spot. 

In summary, the key to creating the brightest light spot was to strategically position multiple mirrors to reflect and direct the light towards the index card, demonstrating how light travels in straight paths and can be effectively manipulated through reflection."
"""Mars, Earth__ moon, Europa, Enceladus, and Titan are the most likely places for us to live on. They all have all three components (land, possible oxygen source, and water source) for us to be able to live there""","""Earth's moon, Mars, Europa, Enceladus and Titan. They all have a surface that we could build on and they all have some water or oxygen""","The most likely places for us to live on in our solar system are Mars, Europa, Enceladus, and Titan. 

Mars has solid ground and evidence of water in the form of ice caps and possibly underground water, making it a candidate for human habitation. Its thin atmosphere, primarily composed of carbon dioxide, poses challenges, but it is the most Earth-like planet we have found.

Europa, one of Jupiter's moons, has a solid icy surface and a subsurface ocean beneath it, which could provide the necessary water for life. However, its extremely thin atmosphere and cold temperatures present significant challenges.

Enceladus, a moon of Saturn, is intriguing because it has a global ocean of liquid salty water beneath its icy crust and jets of water vapor that suggest hydrothermal activity, which could support life.

Titan, also a moon of Saturn, has an icy surface and evidence of an underground ocean of liquid water, along with a thick atmosphere. However, its surface temperatures are extremely low, and it is primarily composed of methane and nitrogen.

In summary, these celestial bodies show potential for sustaining human life due to their water sources and solid surfaces, despite the challenges posed by their atmospheres and temperatures."
"""Friction from the contact of the car__ wheels on the surface of the incline plane/ramp. This represents a loss of energy which can slow the descent of the car""","""Friction between the car and the incline may affect the speed of the car as it travels down the incline. The more friction there is, the slower the car will travel as some of its energy will be converted into heat energy due to friction""","Other than the height from which it is released, several factors can affect the speed of the car as it travels down the incline. One significant factor is the surface texture of the incline. A smooth surface reduces friction, allowing the car to slide down faster, while a rough surface increases friction, slowing it down. 

Another factor is the mass of the toy car. A heavier car may have more gravitational force acting on it, potentially increasing its speed, but it could also experience greater friction if the surface is rough. 

Additionally, the angle of the incline can influence speed; a steeper incline generally leads to a faster descent due to the greater component of gravitational force acting along the slope. 

In summary, the speed of the car is affected by surface texture (friction), mass of the car, and the angle of the incline, as these factors influence the balance between gravitational force and frictional force acting on the car."
"""Helping people understand their significance to prevent vandalism, and helping companies reconsider modern development that may threaten and ancient site""","""Education can help protect ancient sites by teaching people about their significance and importance and by teaching people how to care for them""","Education plays a crucial role in protecting ancient sites in the following ways:

1. **Awareness and Appreciation**: Educational programs can raise awareness about the historical and cultural significance of ancient sites. By teaching students and the public about the value of these sites, they are more likely to respect and advocate for their preservation. For instance, school trips to ancient sites can foster a sense of connection and responsibility towards heritage conservation.

2. **Training in Preservation Techniques**: Education can provide specialized training for individuals in conservation methods and techniques. By equipping students and professionals with knowledge about restoration, maintenance, and the impacts of environmental threats, they can actively contribute to the protection and preservation of ancient sites. Workshops and courses in archaeology and heritage management can empower future generations to safeguard these treasures.

In summary, education fosters both respect for ancient sites and equips individuals with the necessary skills to protect them, ensuring that these important cultural legacies are preserved for future generations."
"""Water to ice: snow, sleet, hail, ice on windscreens, lakes freezing overWater to vapour/steam: boiling a kettle, steam from a hot shower, formation of clouds, water evaporating from pools/damsVapour/steam to water: steam condensing on your bathroom mirror, breathing on cold glass""","""Water would turn into ice: When it is cold outsideWater would turn into water vapour or steam: When it is boiling on the stoveWater vapour or steam would turn back into liquid water: When it is raining""","**Exemplar Answer:**

1. **Water turning into ice:** A real-life example is when you put water in a freezer. As the temperature drops below 0°C (the freezing point), the water changes from a liquid to a solid state, forming ice.

2. **Water turning into water vapour or steam:** An example is when you boil water in a kettle. As the water heats up to 100°C (the boiling point), it changes from a liquid to a gas, producing steam.

3. **Water vapour or steam turning back into liquid water:** A common example is when steam from a hot shower condenses on a bathroom mirror. The steam cools down when it contacts the cooler surface of the mirror, turning back into liquid water droplets.

This answer provides three clear real-life examples of changes in the state of water, demonstrating an understanding of the different observable properties and behaviors of solids, liquids, and gases."
"""Seeds dispersed by water float and tend to have a hard outer covering to keep the inside of the seed dry. Seeds dispersed by animal fur or feathers tend to be covered in burrs (with small hooks or teeth) so that they catch and stick to fur/feathers. Seeds dispersed by the wind are very light and generally sit at the bottom of a floating structure which can be carried on the wind""","""Water - hard but light shells that allow them to floatAnimal fur/feathers - sticky or prickly burrsWind - light and often winged""","Seeds dispersed by water, animal fur/feathers, and wind each have unique characteristics that aid in their dispersal.

1. **Water Dispersal**: Seeds that are dispersed by water typically have hard, light shells that allow them to float. This adaptation enables them to travel downstream in rivers or float in estuaries, increasing their chances of germination in suitable locations. For example, mangrove seeds can float away from the parent plant, rooting in new soil when conditions are right.

2. **Animal Dispersal**: Seeds dispersed by animals can be categorized into two types: internal and external. Internally, seeds are often found within fruits that are sweet and appealing, attracting animals to eat them. The seeds survive digestion and are later excreted far from the parent plant. Externally, some seeds have sticky or prickly burrs that attach to an animal's fur or feathers, allowing them to be carried away until they eventually fall off.

3. **Wind Dispersal**: Seeds that rely on wind dispersal are usually lightweight and may have specialized shapes, such as wings or tufts, that help them stay airborne longer. This adaptation allows them to be carried over considerable distances before landing, as seen in seeds from plants like maple and kauri trees"
"""The main challenge of living on Mercury or Venus would be the extremely hot temperatures. Most materials would melt, including us, so we would not be able to protect ourselves enough from this heat to survive""","""The main challenge of living on Mercury or Venus would be the extreme temperatures. Mercury has a surface temperature range of -173_ to 427_ while Venus has a constant surface temperature of 465_""","The main challenge of living on Mercury or Venus stems from their extreme environmental conditions. Mercury experiences drastic temperature fluctuations, ranging from -173°C at night to 427°C during the day, making it inhospitable for human life. Additionally, it has a very thin atmosphere that lacks sufficient oxygen and does not provide protection from harmful solar radiation.

On the other hand, Venus has a consistently high surface temperature of about 465°C due to a thick atmosphere composed mainly of carbon dioxide, which creates a runaway greenhouse effect. This extreme heat, combined with high atmospheric pressure (about 92 times that of Earth), would make it impossible for humans to survive without advanced technology and protective habitats.

In summary, the extreme temperatures and lack of breathable atmosphere on both Mercury and Venus present significant challenges for human habitation."
"""The centrifuge works by spinning mixtures, usually liquids, around at high speeds. The force of the spin pushes the heavy, larger, insoluble particles in the liquid or mixture to the bottom while the lighter, smaller, insoluble particles move to the top. By spinning dirty water, heavy insoluble particles such as coarse sand will drop to the bottom while the fine sand will be the next layer, followed by the silt. The clear water should end up on top as it will be the lightest component of the mixture""","""The water was a liquid and had a low density. The silt was a solid and had a low density. The fine sand was a solid and had a medium density. The coarse sand was a solid and had a high density. The centrifugal force pushed the water and the silt to the centre of the centrifuge. The fine sand was pushed to the outside of the centrifuge. The coarse sand was pushed to the outside of the centrifuge""","Centrifugation effectively separates components of a mixture based on their unique properties, particularly their density. In the case of blood, the three components__ed blood cells, platelets, and plasma__iffer in density. Red blood cells are denser than plasma and platelets, allowing them to settle at the bottom of the centrifuge tube when spun at high speeds. 

The centrifugal force generated during centrifugation pushes the denser particles outward, causing them to separate from the less dense components. For instance, plasma, being the least dense, remains at the top, while red blood cells, which are much denser, settle at the bottom. This property of density is crucial; since red blood cells are very small (0.0007 cm wide), they cannot be separated by simple filtration or sedimentation. 

In summary, the unique properties of density among the components enable centrifugation to effectively separate them, allowing for the collection of each component for medical use. This principle can also be applied to other mixtures, such as stormwater, where particles of varying densities can be separated for purification."
"""The balloon over the end of the straw acted like a one-way valve. It allowed air to pass through it in one direction, but did not allow water to be sucked up the straw in the other direction.This is similar to the mitral valve in the heart. The mitral valve lies flat against the sides of the entrance to the left ventricle. If blood tries to go in the other direction (back out of the ventricle into the left atrium), it will fill up with blood and act like the balloon did in this activity. This prevents blood from moving in the wrong direction""","""The balloon acts like a one-way valve as it only allows air to be pushed through it. When you try to suck air back through the straw, the balloon closes and prevents air from coming back through the straw. This is similar to the mitral valve as it only allows blood to be pushed from the atrium to the ventricle. When the ventricle contracts, it forces blood back towards the atrium, but the mitral valve closes and prevents blood from flowing back into the atrium""","The balloon over the end of a straw acts like a one-way valve because it allows air (or fluid) to flow in one direction while preventing backflow. When you blow into the straw, the balloon expands and allows air to exit. However, if you try to suck air back through the straw, the balloon closes off, stopping the flow. This is similar to the mitral valve in the heart, which separates the left atrium from the left ventricle. The mitral valve opens to allow oxygenated blood to flow from the left atrium into the left ventricle when the heart fills, but it closes to prevent blood from flowing back into the atrium when the ventricle contracts and pumps blood into the aorta.

Both the balloon and the mitral valve ensure that fluid (air or blood) moves in a controlled direction, which is essential for maintaining proper circulation and function in their respective systems. Without these one-way mechanisms, backflow could lead to inefficient operation and potential damage to the system, highlighting the importance of their structure and function in enabling survival."
"""Centrifugal force separates out heavy particles from light particles when these particles are too small to be filtered out. Heavy particles/debris fall to the bottom because of the centrifugal force applied to them and settle there. Lighter particles/debris settle above them, leaving clean water at the top.If centrifugation was used to clean stormwater, it could remove tiny particles like micro-plastics or sediment which can barely be seen by the naked eye. It would allow the clean water to be separated and released to our waterways whilst the pollutants could be removed""","""A centrifuge spins a mixture at high speeds. The centrifugal force pushes the denser particles to the outside of the container, where they settle at the bottom. This allows them to be easily separated. Centrifugation could be used to clean stormwater as it would allow the sediment and silt to be separated from the water""","A centrifuge works by spinning a mixture at high speeds, creating a centrifugal force that pushes denser particles outward to the bottom of the container. This process separates components based on their density; for example, in a mixture of water and silt, the heavier silt particles will settle at the bottom while the lighter water remains above.

In the context of cleaning stormwater, centrifugation can effectively remove suspended solids such as silt, fine sand, and other contaminants. By spinning the stormwater, denser particles are separated from the water, allowing for cleaner water to be collected at the top. This method is particularly useful in the initial stages of water purification, as it helps to reduce the load of solids before further treatment processes, ensuring more efficient purification.

Overall, centrifugation leverages the unique properties of the mixture's components__pecifically their differences in density__o achieve effective separation, making it a valuable technique for both medical applications, like blood separation, and environmental applications, such as stormwater treatment."